{
  "benchmark_performance.py": 1775555691.2093642,
  "benchmark_simple.py": 1775555798.6565094,
  "test_ga_controls_comprehensive.py": 1775562418.4904432,
  "test_performance_optimizations.py": 1775555230.8984768,
  "validate_ga_controls.py": 1775562047.841339,
  "validate_step1.py": 1775559899.001062,
  "src\\__init__.py": 1772789632.6048396,
  "src\\agents\\base.py": 1774894027.07455,
  "src\\agents\\coordinator_agent.py": 1775928271.6102424,
  "src\\agents\\orchestrator_agent.py": 1776001186.338735,
  "src\\agents\\regional_agent.py": 1776002573.6212673,
  "src\\agents\\service_generator_agent.py": 1776001202.331995,
  "src\\agents\\__init__.py": 1772789649.3468237,
  "src\\data\\graph_builder.py": 1773218720.7246065,
  "src\\data\\network_loader.py": 1773233949.205602,
  "src\\data\\preprocess.py": 1773218694.8649242,
  "src\\decomposition\\port_clustering.py": 1775741672.8385615,
  "src\\decomposition\\regional_splitter.py": 1776000099.2749023,
  "src\\llm\\client.py": 1775928875.942088,
  "src\\llm\\evaluator.py": 1774002216.8405943,
  "src\\llm\\evaluator_manager.py": 1774003865.0459733,
  "src\\llm\\metrics.py": 1774004141.2792776,
  "src\\llm\\__init__.py": 1772789674.4581952,
  "src\\optimization\\data.py": 1775928407.1138046,
  "src\\optimization\\flow_optimizer.py": 1775908713.5361576,
  "src\\optimization\\frequency_ga.py": 1776001231.1912937,
  "src\\optimization\\hierarchical_ga.py": 1776001236.0266418,
  "src\\optimization\\hub_milp.py": 1776001240.5380237,
  "src\\optimization\\service_ga.py": 1776144910.861633,
  "src\\optimization\\__init__.py": 1772789662.59147,
  "src\\pipeline\\optimization_pipeline.py": 1773218460.6466405,
  "src\\pipeline\\orchestration.py": 1773218483.849741,
  "src\\services\\candidate_service_generator.py": 1776001192.0673592,
  "src\\services\\hub_detector.py": 1775908810.8671043,
  "src\\utils\\config.py": 1775928871.344782,
  "src\\utils\\logger.py": 1772807321.9037838,
  "src\\utils\\sample.py": 1773924686.6485734,
  "src\\utils\\__init__.py": 1772790374.8040547,
  "tests\\test_clustering.py": 1773234157.2971065,
  "tests\\test_data_loader.py": 1773234544.6635993,
  "tests\\test_ga.py": 1774696671.7562578,
  "tests\\test_llm.py": 1774001300.9432905,
  "tests\\test_milp.py": 1773302463.4058962,
  "tests\\test_orchestrator.py": 1776000483.0982862,
  "tests\\test_regional_agent.py": 1773401313.9218578,
  "tests\\test_service_generation.py": 1773251247.424942,
  "tests\\test_setup.py": 1773993244.892861,
  "tests\\__init__.py": 1772789692.816691,
  "CLAUDE.md": 1775813952.3544114,
  "performance_optimizations.md": 1775554563.8167634,
  "PERFORMANCE_OPTIMIZATION_SUMMARY.md": 1775555455.6552851,
  "requirements.txt": 1774549580.584672,
  "step1_validation_final_report.md": 1775562485.5237682,
  "graphify-out\\GRAPH_REPORT.md": 1776147846.6398532
}